"com.control4.ras.cm.message.processor.SIPBaseMessageProcessor","java.lang.RuntimeException"
"com.control4.ras.cm.message.processor.SIPBaseMessageProcessor","java.lang.StringBuilder"
"com.control4.ras.cm.message.processor.SIPBaseMessageProcessor","com.control4.ras.cm.message.processor.NotFoundUserException"
"com.control4.ras.cm.message.processor.SIPBaseMessageProcessor","java.lang.StringBuilder"
"com.control4.ras.cm.message.processor.SIPBaseMessageProcessor","java.lang.StringBuilder"
"com.control4.ras.cm.message.processor.SIPBaseMessageProcessor","com.control4.ras.cm.message.processor.RegIntervalException"
"com.control4.ras.cm.message.processor.SIPBaseMessageProcessor","java.lang.StringBuilder"
"com.control4.ras.cm.message.processor.SIPBaseMessageProcessor","java.lang.StringBuilder"
"com.control4.ras.cm.message.processor.SIPBaseMessageProcessor","java.lang.StringBuilder"
"com.control4.ras.cm.message.processor.SIPBaseMessageProcessor","java.lang.StringBuilder"
"com.control4.ras.cm.message.processor.SIPBaseMessageProcessor","java.lang.StringBuilder"
"com.control4.ras.cm.message.processor.SIPBaseMessageProcessor","java.lang.StringBuilder"
"com.control4.ras.cm.message.processor.SIPBaseMessageProcessor","java.lang.StringBuilder"
"com.control4.ras.cm.message.processor.handlers.InviteBaseHandler","java.lang.StringBuilder"
"com.control4.ras.cm.message.processor.handlers.InviteBaseHandler","java.lang.StringBuilder"
"com.control4.ras.cm.message.processor.handlers.InviteBaseHandler","java.lang.StringBuilder"
"com.control4.ras.cm.message.processor.handlers.InviteBaseHandler","java.lang.StringBuilder"
"com.control4.ras.cm.message.processor.SIPBaseMessageProcessor","java.lang.RuntimeException"
"com.control4.ras.cm.message.processor.SIPBaseMessageProcessor","com.control4.ras.cm.sipmessage.body.CommandParser"
"com.control4.ras.cm.message.processor.SIPBaseMessageProcessor","java.lang.RuntimeException"
"com.control4.ras.cm.common.BaseSipService","com.control4.ras.cm.httpproxy.services.ClientTransaction"
"com.control4.ras.cm.common.BaseSipService","com.control4.common.oauth.C4OAuthFilter"
"com.control4.ras.cm.common.BaseSipService","com.control4.ras.cm.httpproxy.services.TestCallRestServiceImpl$1"
"com.control4.ras.cm.common.BaseSipService","java.lang.RuntimeException"
"com.control4.ras.cm.common.BaseSipService","java.lang.StringBuilder"
"com.control4.ras.cm.common.BaseSipService","com.control4.ras.cm.httpproxy.services.TestCallRestServiceImpl$HTTPProxySASAsyncWork"
"com.control4.ras.cm.common.BaseSipService","com.control4.common.exception.C4Exception"
"com.control4.ras.cm.common.BaseSipService","com.control4.common.exception.C4Exception"
"com.control4.ras.cm.common.BaseSipService","java.lang.StringBuilder"
"com.control4.ras.cm.common.BaseSipService","com.control4.common.exception.C4Exception"
"com.control4.ras.cm.common.BaseSipService","java.lang.StringBuilder"
"com.control4.ras.cm.common.BaseSipService","java.lang.StringBuilder"
"com.control4.ras.cm.common.BaseSipService","java.lang.StringBuilder"
"com.control4.ras.cm.common.BaseSipService","com.control4.common.exception.NotFoundException"
"com.control4.ras.cm.common.BaseSipService","java.lang.StringBuilder"
"com.control4.ras.cm.common.BaseSipService","java.lang.StringBuilder"
"com.control4.ras.cm.common.BaseSipService","java.lang.StringBuilder"
"com.control4.ras.cm.common.BaseSipService","java.lang.StringBuilder"
"com.control4.ras.cm.common.BaseSipService","java.lang.StringBuilder"
"com.control4.ras.cm.common.BaseSipService","java.lang.StringBuilder"
"com.control4.ras.cm.common.BaseSipService","java.lang.StringBuilder"
"com.control4.ras.cm.common.BaseSipService","java.lang.StringBuilder"
"com.control4.ras.cm.common.BaseSipService","com.control4.ras.cm.httpproxy.services.CallIdMonitor"
"com.control4.ras.cm.common.BaseSipService","net.sf.ehcache.Element"
"com.control4.ras.cm.common.BaseSipService","com.control4.common.exception.NotFoundException"
"com.control4.ras.cm.common.BaseSipService","com.control4.common.exception.NotFoundException"
"com.control4.ras.cm.common.BaseSipService","java.lang.StringBuilder"
"com.control4.ras.cm.common.BaseSipService","java.lang.StringBuilder"
"com.control4.ras.cm.common.BaseSipService","java.lang.StringBuilder"
"com.control4.ras.cm.common.BaseSipService","java.lang.StringBuilder"
"com.control4.ras.cm.common.BaseSipService","com.control4.common.oauth.OAuthContext"
"com.control4.ras.cm.common.BaseSipService","com.control4.ras.cm.httpproxy.services.ClientTransaction"
"com.control4.ras.cm.common.BaseSipService","com.control4.common.oauth.C4OAuthFilter"
"com.control4.ras.cm.common.BaseSipService","com.control4.ras.cm.httpproxy.services.HTTPProxyRestServiceImpl$1"
"com.control4.ras.cm.common.BaseSipService","java.lang.RuntimeException"
"com.control4.ras.cm.common.BaseSipService","java.lang.StringBuilder"
"com.control4.ras.cm.common.BaseSipService","java.lang.StringBuilder"
"com.control4.ras.cm.common.BaseSipService","com.control4.account.ws.model.WsExtendedUser"
"com.control4.ras.cm.common.BaseSipService","com.control4.ras.cm.httpproxy.services.HTTPProxyRestServiceImpl$HTTPProxySASAsyncWork"
"com.control4.ras.cm.common.BaseSipService","com.control4.common.exception.C4Exception"
"com.control4.ras.cm.common.BaseSipService","com.control4.common.exception.C4Exception"
"com.control4.ras.cm.common.BaseSipService","java.lang.StringBuilder"
"com.control4.ras.cm.common.BaseSipService","java.lang.StringBuilder"
"com.control4.ras.cm.common.BaseSipService","com.control4.common.exception.C4Exception"
"com.control4.ras.cm.common.BaseSipService","java.lang.StringBuilder"
"com.control4.ras.cm.common.BaseSipService","java.lang.StringBuilder"
"com.control4.ras.cm.common.BaseSipService","java.lang.StringBuilder"
"com.control4.ras.cm.common.BaseSipService","com.control4.common.exception.NotFoundException"
"com.control4.ras.cm.common.BaseSipService","java.lang.StringBuilder"
"com.control4.ras.cm.common.BaseSipService","java.lang.StringBuilder"
"com.control4.ras.cm.common.BaseSipService","java.lang.StringBuilder"
"com.control4.ras.cm.common.BaseSipService","java.lang.StringBuilder"
"com.control4.ras.cm.common.BaseSipService","java.lang.StringBuilder"
"com.control4.ras.cm.common.BaseSipService","java.lang.StringBuilder"
"com.control4.ras.cm.common.BaseSipService","java.lang.StringBuilder"
"com.control4.ras.cm.common.BaseSipService","java.lang.StringBuilder"
"com.control4.ras.cm.common.BaseSipService","java.lang.StringBuilder"
"com.control4.ras.cm.common.BaseSipService","com.control4.common.exception.SiteAccessDeniedException"
"com.control4.ras.cm.common.BaseSipService","java.lang.StringBuilder"
"com.control4.ras.cm.common.BaseSipService","java.lang.StringBuilder"
"com.control4.ras.cm.common.BaseSipService","com.control4.common.exception.FeatureNotEnabledException"
"com.control4.ras.cm.common.BaseSipService","java.lang.StringBuilder"
"com.control4.ras.cm.common.BaseSipService","com.control4.common.exception.ForbiddenException"
"com.control4.ras.cm.common.BaseSipService","com.control4.common.exception.ForbiddenException"
"com.control4.ras.cm.message.processor.SIPBaseMessageProcessor","java.lang.StringBuilder"
"com.control4.ras.cm.message.processor.SIPBaseMessageProcessor","com.control4.ras.cm.message.processor.InviteMessageProcessor"
"com.control4.ras.cm.message.processor.SIPBaseMessageProcessor","com.control4.ras.cm.message.processor.handlers.InviteIAHandler"
"com.control4.ras.cm.message.processor.SIPBaseMessageProcessor","com.control4.ras.cm.message.processor.handlers.InviteRASHandler"
"com.control4.ras.cm.message.processor.SIPBaseMessageProcessor","java.lang.StringBuilder"
"com.control4.ras.cm.message.processor.SIPBaseMessageProcessor","com.control4.ras.cm.sipmessage.body.SDPParser"
"com.control4.ras.cm.message.processor.SIPBaseMessageProcessor","com.control4.ras.cm.message.processor.InviteMessageProcessor$1"
"com.control4.ras.cm.message.processor.SIPBaseMessageProcessor","com.control4.ras.cm.message.processor.InviteMessageProcessor"
"com.control4.ras.cm.message.processor.SIPBaseMessageProcessor","com.control4.ras.cm.message.processor.InviteMessageProcessor"
"com.control4.ras.cm.message.processor.SIPBaseMessageProcessor","com.control4.ras.cm.message.processor.InviteMessageProcessor"
"com.control4.ras.cm.message.processor.SIPBaseMessageProcessor","com.control4.ras.cm.message.processor.InviteMessageProcessor"
"com.control4.ras.cm.message.processor.handlers.InviteBaseHandler","java.lang.StringBuilder"
"com.control4.ras.cm.message.processor.handlers.InviteBaseHandler","java.lang.StringBuilder"
"com.control4.ras.cm.message.processor.handlers.InviteBaseHandler","java.lang.StringBuilder"
"com.control4.ras.cm.message.processor.handlers.InviteBaseHandler","java.lang.StringBuilder"
"com.control4.ras.cm.message.processor.handlers.InviteBaseHandler","java.lang.StringBuilder"
"com.control4.ras.cm.message.processor.handlers.InviteBaseHandler","java.lang.StringBuilder"
"com.control4.ras.cm.message.processor.handlers.InviteBaseHandler","java.lang.StringBuilder"
"com.control4.ras.cm.message.processor.handlers.InviteBaseHandler","java.lang.StringBuilder"
"com.control4.ras.cm.message.processor.handlers.InviteBaseHandler","java.lang.StringBuilder"
"com.control4.ras.cm.message.processor.handlers.InviteBaseHandler","com.control4.app.ia.data.CallData"
"com.control4.ras.cm.message.processor.handlers.InviteBaseHandler","java.lang.StringBuffer"
"com.control4.ras.cm.message.processor.handlers.InviteBaseHandler","java.lang.StringBuilder"
"com.control4.ras.cm.message.processor.handlers.InviteBaseHandler","com.control4.ras.cm.executor.PushExecutor"
"com.control4.ras.cm.message.processor.handlers.InviteBaseHandler","java.lang.StringBuilder"
"com.control4.ras.cm.message.processor.SIPBaseMessageProcessor","com.control4.ras.cm.message.processor.OptionsMessageProcessor"
"com.control4.ras.cm.httpproxy.services.TestCallRestServiceImpl.access$400()","com.control4.ras.cm.httpproxy.services.TestCallRestServiceImpl.addRAProxyMessage()"
"com.control4.ras.cm.httpproxy.services.IAHttpServlet.toJsonResponse()","org.codehaus.jettison.json.JSONObject.<init>()"
"com.control4.ras.cm.httpproxy.services.IAHttpServlet.toJsonResponse()","org.codehaus.jettison.json.JSONObject.put()"
"com.control4.ras.cm.CallStatusContainer.addCall()","com.control4.ras.cm.Call.<init>()"
"com.control4.ras.cm.CallStatusContainer.addCall()","com.control4.ras.cm.Call.setStatus()"
"com.control4.ras.cm.ConnectionManagerSIPServlet.sendInvite()","com.control4.ras.cm.Call.addSession()"
"com.control4.app.ia.IAContext.<init>()","com.control4.media.proxy.MediaProxyConnector.<init>()"
"com.control4.ras.cm.httpproxy.services.HTTPProxyRestServiceImpl.createSASInOtherThread()","com.control4.ras.cm.httpproxy.services.HTTPProxyRestServiceImpl$1.<init>()"
"com.control4.app.ia.data.CallDataAccess.destroy()","com.control4.app.ia.data.CallDataAccessServletImpl.destroy()"
"com.control4.ras.cm.httpproxy.services.TestCallRestServiceImpl.createSASInOtherThread()","com.control4.ras.cm.httpproxy.services.TestCallRestServiceImpl$1.<init>()"
"com.control4.ras.cm.httpproxy.services.NotificationClient.sendPushNotification()","com.control4.services.event.ws.SupportSoapService.notifyDevice()"
"com.control4.ras.cm.httpproxy.services.HTTPProxyRestServiceImpl.isUserAuthorized()","com.control4.ras.cm.httpproxy.services.SOAPWebClient.isUserAuthorizedToAccessController()"
"com.control4.ras.cm.httpproxy.services.SOAPWebClient.isUserAuthorizedToAccessController()","com.control4.account.ws.model.services.AccountSoapService.hasAccessToController()"
"com.control4.ras.cm.httpproxy.services.HTTPProxyRestServiceImpl.isControllerRASEnabled()","com.control4.ras.cm.httpproxy.services.SOAPWebClient.isControllerRemoteAccessCapable()"
"com.control4.ras.cm.message.processor.ByeMessageProcessor.sendBye()","com.control4.ras.cm.CallStatusContainer.removeCall()"
"com.control4.ras.cm.CallStatusContainer.removeCall()","com.control4.ras.cm.Call.<init>()"
"com.control4.ras.cm.httpproxy.services.HTTPProxyRestServiceImpl.isPrivilegedApp()","com.control4.ras.cm.httpproxy.services.SOAPWebClient.isAdminApp()"
"com.control4.ras.cm.common.BaseSipService.<init>()","com.control4.ras.cm.httpproxy.services.ClientTransaction.<init>()"
"com.control4.ras.cm.common.BaseSipService.<init>()","com.control4.common.oauth.C4OAuthFilter.<init>()"
"com.control4.ras.cm.common.BaseSipService.<init>()","com.control4.ras.cm.httpproxy.services.TestCallRestServiceImpl$1.<init>()"
"com.control4.ras.cm.common.BaseSipService.<init>()","com.control4.ras.cm.httpproxy.services.TestCallRestServiceImpl$HTTPProxySASAsyncWork.<init>()"
"com.control4.ras.cm.common.BaseSipService.<init>()","com.control4.ras.cm.httpproxy.services.CallIdMonitor.<init>()"
"com.control4.ras.cm.common.BaseSipService.<init>()","net.sf.ehcache.Element.<init>()"
"com.control4.ras.cm.common.BaseSipService.<init>()","com.control4.common.oauth.OAuthContext.<init>()"
"com.control4.ras.cm.common.BaseSipService.<init>()","com.control4.ras.cm.httpproxy.services.HTTPProxyRestServiceImpl$1.<init>()"
"com.control4.ras.cm.common.BaseSipService.<init>()","com.control4.ras.cm.httpproxy.services.HTTPProxyRestServiceImpl$HTTPProxySASAsyncWork.<init>()"
"com.control4.ras.cm.httpproxy.services.PayloadGenerator.removeCacheElements()","net.sf.ehcache.Cache.remove()"
"com.control4.ras.cm.message.processor.handlers.ACLValidator.isACLCheckEnabled()","com.control4.ras.cm.ConnectionManagerConfig.isAclCheckEnabled()"
"com.control4.ras.cm.executor.PushExecutor.isDeviceNotificationEnabled()","com.control4.ras.cm.ConnectionManagerConfig.isDeviceNotificationEnabled()"
"com.control4.ras.cm.manager.CallHistoryManager.save()","com.control4.ras.cm.persistent.CallHistoryDao.save()"
"com.control4.ras.cm.manager.CallHistoryManager.save()","com.control4.ras.cm.managedobject.CallHistory.<init>()"
"com.control4.ras.cm.manager.CallHistoryManager.save()","com.control4.ras.cm.managedobject.CallHistory.setCallId()"
"com.control4.ras.cm.manager.CallHistoryManager.save()","com.control4.ras.cm.managedobject.CallHistory.setControllerCommonName()"
"com.control4.ras.cm.manager.CallHistoryManager.save()","com.control4.ras.cm.managedobject.CallHistory.setCreatedTime()"
"com.control4.ras.cm.manager.CallHistoryManager.save()","com.control4.ras.cm.managedobject.CallHistory.setLastUpdateTime()"
"com.control4.ras.cm.manager.CallHistoryManager.save()","com.control4.ras.cm.managedobject.CallHistory.setStatus()"
"com.control4.ras.cm.httpproxy.services.HTTPProxyRestServiceImpl.lookupIPPortInHTTPLite()","com.control4.ras.cm.httpproxy.services.PayloadGenerator.constructWsInviteAnswer()"
"com.control4.ras.cm.httpproxy.services.PayloadGenerator.constructWsInviteAnswer()","com.control4.ras.cm.httpproxy.ws.model.WsInviteAnswer.<init>()"
"com.control4.ras.cm.httpproxy.services.PayloadGenerator.constructWsInviteAnswer()","com.control4.ras.cm.httpproxy.ws.model.WsInviteAnswer.setHost()"
"com.control4.ras.cm.httpproxy.services.PayloadGenerator.constructWsInviteAnswer()","com.control4.ras.cm.httpproxy.ws.model.WsInviteAnswer.setPort()"
"com.control4.ras.cm.httpproxy.services.PayloadGenerator.constructWsInviteAnswer()","com.control4.ras.cm.httpproxy.ws.model.WsInviteAnswer.setLinkKey()"
"com.control4.ras.cm.httpproxy.services.PayloadGenerator.constructWsInviteAnswer()","com.control4.ras.cm.httpproxy.services.PayloadGenerator.constructWsInviteAnswerInternal()"
"com.control4.ras.cm.httpproxy.services.PayloadGenerator.constructWsInviteAnswerInternal()","com.control4.ras.cm.httpproxy.ws.model.WsInviteAnswer.<init>()"
"com.control4.ras.cm.httpproxy.services.PayloadGenerator.constructWsInviteAnswerInternal()","com.control4.ras.cm.httpproxy.ws.model.WsInviteAnswer.setHost()"
"com.control4.ras.cm.httpproxy.services.PayloadGenerator.constructWsInviteAnswerInternal()","com.control4.ras.cm.httpproxy.ws.model.WsInviteAnswer.setPort()"
"com.control4.ras.cm.httpproxy.services.PayloadGenerator.constructWsInviteAnswerInternal()","com.control4.ras.cm.httpproxy.ws.model.WsInviteAnswer.setLinkKey()"
"com.control4.ras.cm.httpproxy.services.HTTPProxyRestServiceImpl.lookupIPPortInHTTPLite()","com.control4.ras.cm.httpproxy.services.HTTPProxyRestServiceImpl.isControlChannel()"
"com.control4.ras.cm.httpproxy.services.HTTPProxyRestServiceImpl.lookupIPPortInHTTPLite()","com.control4.ras.cm.httpproxy.services.HTTPProxyRestServiceImpl.constructChannel()"
"com.control4.ras.cm.httpproxy.services.HTTPProxyRestServiceImpl.lookupIPPortInHTTPLite()","com.control4.ras.cm.httpproxy.services.HTTPProxyRestServiceImpl.constructServiceInfo()"
"com.control4.ras.cm.CMContext.isMediaProxyEnabled()","com.control4.ras.cm.ConnectionManagerConfig.isMediaProxyEnabled()"
"com.control4.ras.cm.message.processor.InviteMessageProcessor.access$000()","com.control4.ras.cm.message.processor.InviteMessageProcessor.isProxySideSessionValid()"
"com.control4.ras.cm.message.processor.InviteMessageProcessor.isProxySideSessionValid()","com.control4.ras.cm.httpproxy.services.CallIdMonitor.isValid()"
"com.control4.ras.cm.manager.CallHistoryManager.inactivateCallId()","com.control4.ras.cm.manager.CallHistoryManager.find()"
"com.control4.ras.cm.manager.CallHistoryManager.find()","com.control4.ras.cm.persistent.CallHistoryDao.findOneByName()"
"com.control4.ras.cm.manager.CallHistoryManager.inactivateCallId()","com.control4.ras.cm.managedobject.CallHistory.setLastUpdateTime()"
"com.control4.ras.cm.manager.CallHistoryManager.inactivateCallId()","com.control4.ras.cm.managedobject.CallHistory.setStatus()"
"com.control4.ras.cm.manager.CallHistoryManager.inactivateCallId()","com.control4.ras.cm.persistent.CallHistoryDao.saveOrUpdate()"
"com.control4.app.ia.IAContext.initialize()","com.control4.app.ia.data.CallDataAccessServletImpl.<init>()"
"com.control4.app.ia.IAContext.initialize()","com.control4.app.ia.data.CallDataAccess.init()"
"com.control4.app.ia.IAContext.initialize()","com.control4.app.ia.handler.CallCleanupHandler.<init>()"
"com.control4.app.ia.IAContext.initialize()","com.control4.app.ia.handler.MediaConnectionHandler.<init>()"
"com.control4.app.ia.IAContext.initialize()","com.control4.app.ia.handler.SipInviteHandler.<init>()"
"com.control4.app.ia.IAContext.initialize()","com.control4.app.ia.handler.SipSuccessHandler.<init>()"
"com.control4.app.ia.IAContext.initialize()","com.control4.app.ia.handler.SipErrorHandler.<init>()"
"com.control4.app.ia.IAContext.initialize()","com.control4.app.ia.handler.SipProvisionalHandler.<init>()"
"com.control4.app.ia.IAContext.initialize()","com.control4.app.ia.handler.SipByeHandler.<init>()"
"com.control4.app.ia.IAContext.initialize()","com.control4.app.ia.handler.SipInfoHandler.<init>()"
"com.control4.app.ia.IAContext.initialize()","com.control4.app.ia.handler.SipCancelHandler.<init>()"
"com.control4.app.ia.IAContext.initialize()","com.control4.media.proxy.MediaProxyConnector.registerConnectionStateListener()"
"com.control4.app.ia.IAContext.initialize()","com.control4.media.proxy.MediaProxyConnector.registerCallCleanupListener()"
"com.control4.app.ia.IAContext.initialize()","com.control4.app.ia.config.IAConfiguration.initializeMediaProxyEndpoints()"
"com.control4.app.ia.config.IAConfiguration.initializeMediaProxyEndpoints()","com.control4.app.ia.config.IAConfiguration.parseMediaProxyEndpoints()"
"com.control4.app.ia.config.IAConfiguration.parseMediaProxyEndpoints()","com.control4.media.proxy.MediaProxyConnector.addMediaProxyEndpoint()"
"com.control4.ras.cm.message.processor.SIPBaseMessageProcessor.processResultNotifyThread()","com.control4.ras.cm.sipmessage.body.IParser.parse()"
"com.control4.ras.cm.message.processor.SIPBaseMessageProcessor.processResultNotifyThread()","net.sf.ehcache.Element.<init>()"
"com.control4.ras.cm.message.processor.SIPBaseMessageProcessor.processResultNotifyThread()","net.sf.ehcache.Cache.put()"
"com.control4.ras.cm.message.processor.SIPBaseMessageProcessor.processResultNotifyThread()","com.control4.ras.cm.message.processor.SIPBaseMessageProcessor.updateCallHistory()"
"com.control4.ras.cm.message.processor.SIPBaseMessageProcessor.updateCallHistory()","com.control4.ras.cm.manager.CallHistoryManager.update()"
"com.control4.ras.cm.manager.CallHistoryManager.update()","com.control4.ras.cm.manager.CallHistoryManager.find()"
"com.control4.ras.cm.manager.CallHistoryManager.find()","com.control4.ras.cm.persistent.CallHistoryDao.findOneByName()"
"com.control4.ras.cm.manager.CallHistoryManager.update()","com.control4.ras.cm.managedobject.CallHistory.setLastUpdateTime()"
"com.control4.ras.cm.manager.CallHistoryManager.update()","com.control4.ras.cm.managedobject.CallHistory.setPort()"
"com.control4.ras.cm.manager.CallHistoryManager.update()","com.control4.ras.cm.managedobject.CallHistory.setHost()"
"com.control4.ras.cm.manager.CallHistoryManager.update()","com.control4.ras.cm.persistent.CallHistoryDao.saveOrUpdate()"
"com.control4.ras.cm.message.processor.SIPBaseMessageProcessor.processResultNotifyThread()","com.control4.ras.cm.message.processor.SIPBaseMessageProcessor.notifyHTTPProxyThread()"
"com.control4.ras.cm.message.processor.SIPBaseMessageProcessor.notifyHTTPProxyThread()","com.control4.ras.cm.httpproxy.services.CallIdMonitor.notifyHttpThread()"
"com.control4.ras.cm.message.processor.RegMessageProcessor.updateUserMap()","com.control4.ras.cm.manager.RegisterManager.unregister()"
"com.control4.ras.cm.manager.RegisterManager.unregister()","com.control4.ras.cm.managedobject.Register.setRegistrationStatus()"
"com.control4.ras.cm.manager.RegisterManager.unregister()","com.control4.ras.cm.managedobject.Register.setLastUpdateTime()"
"com.control4.ras.cm.manager.RegisterManager.unregister()","com.control4.ras.cm.managedobject.Register.setExpiryTime()"
"com.control4.ras.cm.manager.RegisterManager.unregister()","com.control4.ras.cm.persistent.RegisterDao.saveOrUpdate()"
"com.control4.ras.cm.message.processor.RegMessageProcessor.updateUserMap()","com.control4.ras.cm.message.processor.RegMessageProcessor.adjustContactForLB()"
"com.control4.ras.cm.message.processor.RegMessageProcessor.updateUserMap()","com.control4.ras.cm.manager.RegisterManager.cleanupDeviceUUIDRegistrations()"
"com.control4.ras.cm.manager.RegisterManager.cleanupDeviceUUIDRegistrations()","com.control4.ras.cm.persistent.RegisterDao.cleanupDeviceUUIDRegistrations()"
"com.control4.ras.cm.persistent.RegisterDao.cleanupDeviceUUIDRegistrations()","com.control4.ras.cm.persistent.RegisterDao.cleanupDeviceUUIDForAccount()"
"com.control4.ras.cm.persistent.RegisterDao.cleanupDeviceUUIDForAccount()","org.hibernate.criterion.Restrictions.conjunction()"
"com.control4.ras.cm.persistent.RegisterDao.cleanupDeviceUUIDForAccount()","org.hibernate.criterion.Property.forName()"
"com.control4.ras.cm.persistent.RegisterDao.cleanupDeviceUUIDForAccount()","org.hibernate.criterion.Property.eq()"
"com.control4.ras.cm.persistent.RegisterDao.cleanupDeviceUUIDForAccount()","org.hibernate.criterion.Junction.add()"
"com.control4.ras.cm.persistent.RegisterDao.cleanupDeviceUUIDForAccount()","org.hibernate.criterion.Property.ne()"
"com.control4.ras.cm.persistent.RegisterDao.cleanupDeviceUUIDForAccount()","com.control4.ras.cm.persistent.RegisterDao.findByCriteria()"
"com.control4.ras.cm.persistent.RegisterDao.cleanupDeviceUUIDForAccount()","com.control4.ras.cm.persistent.RegisterDao.deleteAll()"
"com.control4.ras.cm.message.processor.RegMessageProcessor.updateUserMap()","com.control4.ras.cm.manager.RegisterManager.register()"
"com.control4.ras.cm.manager.RegisterManager.register()","com.control4.ras.cm.managedobject.Register.<init>()"
"com.control4.ras.cm.manager.RegisterManager.register()","com.control4.ras.cm.managedobject.Register.setRegistrationCount()"
"com.control4.ras.cm.manager.RegisterManager.register()","com.control4.ras.cm.managedobject.Register.setContact()"
"com.control4.ras.cm.manager.RegisterManager.register()","com.control4.ras.cm.managedobject.Register.setCreatedTime()"
"com.control4.ras.cm.manager.RegisterManager.register()","com.control4.ras.cm.managedobject.Register.setExpiryTime()"
"com.control4.ras.cm.manager.RegisterManager.register()","com.control4.ras.cm.managedobject.Register.setFromURI()"
"com.control4.ras.cm.manager.RegisterManager.register()","com.control4.ras.cm.managedobject.Register.setLastUpdateTime()"
"com.control4.ras.cm.manager.RegisterManager.register()","com.control4.ras.cm.managedobject.Register.setUserName()"
"com.control4.ras.cm.manager.RegisterManager.register()","com.control4.ras.cm.managedobject.Register.setRegistrationStatus()"
"com.control4.ras.cm.manager.RegisterManager.register()","com.control4.ras.cm.managedobject.Register.setAuthVersion()"
"com.control4.ras.cm.manager.RegisterManager.register()","com.control4.ras.cm.managedobject.Register.setSipServerInternalIP()"
"com.control4.ras.cm.manager.RegisterManager.register()","com.control4.ras.cm.managedobject.Register.setDeviceUUID()"
"com.control4.ras.cm.manager.RegisterManager.register()","com.control4.ras.cm.managedobject.Register.setAccountId()"
"com.control4.ras.cm.manager.RegisterManager.register()","com.control4.ras.cm.managedobject.Register.setAppKey()"
"com.control4.ras.cm.manager.RegisterManager.register()","com.control4.ras.cm.persistent.RegisterDao.saveOrUpdate()"
"com.control4.ras.cm.message.processor.SIPBaseMessageProcessor.notifyHTTPProxyError()","net.sf.ehcache.Element.<init>()"
"com.control4.ras.cm.message.processor.SIPBaseMessageProcessor.notifyHTTPProxyError()","net.sf.ehcache.Cache.put()"
"com.control4.ras.cm.message.processor.SIPBaseMessageProcessor.notifyHTTPProxyError()","com.control4.ras.cm.message.processor.SIPBaseMessageProcessor.updateCallHistory()"
"com.control4.ras.cm.message.processor.SIPBaseMessageProcessor.updateCallHistory()","com.control4.ras.cm.manager.CallHistoryManager.update()"
"com.control4.ras.cm.manager.CallHistoryManager.update()","com.control4.ras.cm.manager.CallHistoryManager.find()"
"com.control4.ras.cm.manager.CallHistoryManager.find()","com.control4.ras.cm.persistent.CallHistoryDao.findOneByName()"
"com.control4.ras.cm.manager.CallHistoryManager.update()","com.control4.ras.cm.managedobject.CallHistory.setLastUpdateTime()"
"com.control4.ras.cm.manager.CallHistoryManager.update()","com.control4.ras.cm.managedobject.CallHistory.setPort()"
"com.control4.ras.cm.manager.CallHistoryManager.update()","com.control4.ras.cm.managedobject.CallHistory.setHost()"
"com.control4.ras.cm.manager.CallHistoryManager.update()","com.control4.ras.cm.persistent.CallHistoryDao.saveOrUpdate()"
"com.control4.ras.cm.message.processor.SIPBaseMessageProcessor.notifyHTTPProxyError()","com.control4.ras.cm.message.processor.SIPBaseMessageProcessor.notifyHTTPProxyThread()"
"com.control4.ras.cm.message.processor.SIPBaseMessageProcessor.notifyHTTPProxyThread()","com.control4.ras.cm.httpproxy.services.CallIdMonitor.notifyHttpThread()"
"com.control4.ras.cm.message.processor.SIPBaseMessageProcessor.notifyHTTPProxyError()","com.control4.ras.cm.message.processor.InviteMessageProcessor.notifyHTTPProxyError()"
"com.control4.app.ia.handler.SipInfoHandler.doInfo()","com.control4.app.ia.executor.SipExecutorService.asyncSendResponse()"
"com.control4.app.ia.executor.SipExecutorService.asyncSendResponse()","com.control4.app.ia.executor.SipExecutorService$2.<init>()"
"com.control4.app.ia.executor.SipExecutorService.asyncSendResponse()","com.control4.ras.cm.executor.JobExecutor.execAsync()"
"com.control4.app.ia.handler.SipInfoHandler.doInfo()","com.control4.app.ia.handler.SipByeHandler.isLoadBalancer()"
"com.control4.app.ia.handler.SipInfoHandler.doInfo()","com.control4.app.ia.handler.SipByeHandler.GetLBInitialAddr()"
"com.control4.app.ia.handler.SipInfoHandler.doInfo()","com.control4.app.ia.handler.SipByeHandler.GetLBInitialPort()"
"com.control4.app.ia.handler.SipInfoHandler.doInfo()","com.control4.app.ia.executor.SipExecutorService.asyncSendRequest()"
"com.control4.app.ia.executor.SipExecutorService.asyncSendRequest()","com.control4.app.ia.executor.SipExecutorService$1.<init>()"
"com.control4.app.ia.executor.SipExecutorService.asyncSendRequest()","com.control4.ras.cm.executor.JobExecutor.execAsync()"
"com.control4.app.ia.handler.SipSuccessHandler.doSuccessResponse()","com.control4.app.ia.executor.SipExecutorService.asyncSendRequest()"
"com.control4.app.ia.executor.SipExecutorService.asyncSendRequest()","com.control4.app.ia.executor.SipExecutorService$1.<init>()"
"com.control4.app.ia.executor.SipExecutorService.asyncSendRequest()","com.control4.ras.cm.executor.JobExecutor.execAsync()"
"com.control4.app.ia.handler.SipSuccessHandler.doSuccessResponse()","com.control4.app.ia.data.CallData.isAnswered()"
"com.control4.app.ia.handler.SipSuccessHandler.doSuccessResponse()","com.control4.app.ia.data.CallData.setAnsweredCall()"
"com.control4.app.ia.handler.SipSuccessHandler.doSuccessResponse()","com.control4.app.ia.data.ForwardedCall.equals()"
"com.control4.app.ia.handler.SipSuccessHandler.doSuccessResponse()","com.control4.app.ia.data.ForwardedCall.isFailed()"
"com.control4.app.ia.handler.SipSuccessHandler.doSuccessResponse()","com.control4.app.ia.data.CallData.isEarlyMedia()"
"com.control4.app.ia.handler.SipSuccessHandler.doSuccessResponse()","com.control4.app.ia.handler.CallCleanupHandler.asyncDeleteMedia()"
"com.control4.app.ia.handler.CallCleanupHandler.asyncDeleteMedia()","com.control4.media.proxy.MediaProxyConnector.asyncDelete()"
"com.control4.app.ia.handler.SipSuccessHandler.doSuccessResponse()","com.control4.app.ia.handler.SipSuccessHandler$AnswerContext.<init>()"
"com.control4.app.ia.handler.SipSuccessHandler.doSuccessResponse()","com.control4.media.proxy.MediaProxyConnector.asyncAnswer()"
"com.control4.app.ia.handler.SipSuccessHandler.doSuccessResponse()","com.control4.app.ia.executor.SipExecutorService.asyncSendResponse()"
"com.control4.app.ia.executor.SipExecutorService.asyncSendResponse()","com.control4.app.ia.executor.SipExecutorService$2.<init>()"
"com.control4.app.ia.executor.SipExecutorService.asyncSendResponse()","com.control4.ras.cm.executor.JobExecutor.execAsync()"
"com.control4.app.ia.handler.SipSuccessHandler.doSuccessResponse()","com.control4.app.ia.data.ForwardedCall.setAnswerForwarded()"
"com.control4.app.ia.handler.SipSuccessHandler.doSuccessResponse()","com.control4.app.ia.handler.SipSuccessHandler.sendByeToCaller()"
"com.control4.app.ia.handler.SipSuccessHandler.sendByeToCaller()","com.control4.app.ia.handler.CallCleanupHandler.cleanupCallMedia()"
"com.control4.app.ia.handler.CallCleanupHandler.cleanupCallMedia()","com.control4.app.ia.data.CallData.isEarlyMedia()"
"com.control4.app.ia.handler.CallCleanupHandler.cleanupCallMedia()","com.control4.app.ia.handler.CallCleanupHandler.asyncDeleteMedia()"
"com.control4.app.ia.handler.CallCleanupHandler.cleanupCallMedia()","com.control4.app.ia.data.CallData.isAnswered()"
"com.control4.app.ia.handler.SipSuccessHandler.sendByeToCaller()","com.control4.app.ia.handler.CallCleanupHandler.cleanupCall()"
"com.control4.app.ia.handler.CallCleanupHandler.cleanupCall()","com.control4.app.ia.data.CallDataAccess.removeCall()"
"com.control4.app.ia.handler.CallCleanupHandler.cleanupCall()","com.control4.app.ia.data.CallDataAccess.removeForwardedCall()"
"com.control4.app.ia.handler.SipSuccessHandler.sendByeToCaller()","com.control4.app.ia.handler.SipByeHandler.isLoadBalancer()"
"com.control4.app.ia.handler.SipSuccessHandler.sendByeToCaller()","com.control4.app.ia.handler.SipByeHandler.GetLBInitialAddr()"
"com.control4.app.ia.handler.SipSuccessHandler.sendByeToCaller()","com.control4.app.ia.handler.SipByeHandler.GetLBInitialPort()"
"com.control4.app.ia.handler.SipSuccessHandler.sendByeToCaller()","com.control4.app.ia.executor.SipExecutorService.asyncSendRequest()"
"com.control4.ras.cm.httpproxy.services.TestCallRestServiceImpl.disconnect()","com.control4.common.validation.Validator.validateNoThrow()"
"com.control4.ras.cm.httpproxy.services.TestCallRestServiceImpl.disconnect()","com.control4.ras.cm.httpproxy.services.TestCallRestServiceImpl.isInternalRequest()"
"com.control4.ras.cm.httpproxy.services.TestCallRestServiceImpl.disconnect()","com.control4.ras.cm.httpproxy.services.TestCallRestServiceImpl.needHttpRouting()"
"com.control4.ras.cm.httpproxy.services.TestCallRestServiceImpl.disconnect()","com.control4.ras.cm.httpproxy.services.TestCallRestServiceImpl.routeDisconnect()"
"com.control4.ras.cm.httpproxy.services.TestCallRestServiceImpl.routeDisconnect()","com.control4.ras.cm.httpproxy.services.TestCallRestServiceImpl.createOAuthContext()"
"com.control4.ras.cm.httpproxy.services.TestCallRestServiceImpl.createOAuthContext()","com.control4.common.oauth.OAuthVersion.name()"
"com.control4.ras.cm.httpproxy.services.TestCallRestServiceImpl.createOAuthContext()","com.control4.common.oauth.OAuthVersion.valueOf()"
"com.control4.ras.cm.httpproxy.services.TestCallRestServiceImpl.createOAuthContext()","com.control4.common.oauth.OAuthContext.<init>()"
"com.control4.ras.cm.httpproxy.services.TestCallRestServiceImpl.createOAuthContext()","com.control4.common.oauth.OAuthContext.setAuthTokenSecret()"
"com.control4.ras.cm.httpproxy.services.TestCallRestServiceImpl.createOAuthContext()","com.control4.common.oauth.OAuthContext.setConsumerKey()"
"com.control4.ras.cm.httpproxy.services.TestCallRestServiceImpl.disconnect()","com.control4.ras.cm.httpproxy.services.TestCallRestServiceImpl.processDisconnect()"
"com.control4.ras.cm.httpproxy.services.TestCallRestServiceImpl.processDisconnect()","com.control4.common.oauth.C4OAuthFilter.addOAuth1Signature()"
"com.control4.ras.cm.httpproxy.services.TestCallRestServiceImpl.processDisconnect()","com.control4.ras.cm.httpproxy.services.ClientTransaction.end()"
"com.control4.ras.cm.httpproxy.services.ClientTransaction.end()","net.sf.ehcache.Cache.remove()"
"com.control4.ras.cm.httpproxy.services.TestCallRestServiceImpl.processDisconnect()","net.sf.ehcache.Cache.remove()"
"com.control4.ras.cm.httpproxy.services.TestCallRestServiceImpl.processDisconnect()","com.control4.ras.cm.httpproxy.services.CallIdMonitor.notifyHttpThread()"
"com.control4.ras.cm.httpproxy.services.HTTPProxyRestServiceImpl.disconnect()","com.control4.common.validation.Validator.validateNoThrow()"
"com.control4.ras.cm.httpproxy.services.HTTPProxyRestServiceImpl.disconnect()","com.control4.ras.cm.httpproxy.services.HTTPProxyRestServiceImpl.isInternalRequest()"
"com.control4.ras.cm.httpproxy.services.HTTPProxyRestServiceImpl.disconnect()","com.control4.ras.cm.httpproxy.services.HTTPProxyRestServiceImpl.needHttpRouting()"
"com.control4.ras.cm.httpproxy.services.HTTPProxyRestServiceImpl.disconnect()","com.control4.ras.cm.httpproxy.services.HTTPProxyRestServiceImpl.processDisconnect()"
"com.control4.ras.cm.httpproxy.services.HTTPProxyRestServiceImpl.processDisconnect()","com.control4.common.oauth.C4OAuthFilter.addOAuth1Signature()"
"com.control4.ras.cm.httpproxy.services.HTTPProxyRestServiceImpl.processDisconnect()","com.control4.ras.cm.httpproxy.services.HTTPProxyRestServiceImpl.addRAProxyMessage()"
"com.control4.ras.cm.httpproxy.services.HTTPProxyRestServiceImpl.processDisconnect()","com.control4.ras.cm.httpproxy.services.ClientTransaction.end()"
"com.control4.ras.cm.httpproxy.services.ClientTransaction.end()","net.sf.ehcache.Cache.remove()"
"com.control4.ras.cm.httpproxy.services.HTTPProxyRestServiceImpl.processDisconnect()","net.sf.ehcache.Cache.remove()"
"com.control4.ras.cm.httpproxy.services.HTTPProxyRestServiceImpl.processDisconnect()","com.control4.ras.cm.httpproxy.services.CallIdMonitor.notifyHttpThread()"
"com.control4.app.ia.handler.SipProvisionalHandler.doProvisionalResponse()","com.control4.app.ia.handler.SipProvisionalHandler$ProvisionalContext.<init>()"
"com.control4.app.ia.handler.SipProvisionalHandler.doProvisionalResponse()","com.control4.media.proxy.MediaProxyConnector.asyncAnswer()"
"com.control4.app.ia.handler.SipProvisionalHandler.doProvisionalResponse()","com.control4.app.ia.executor.SipExecutorService.asyncSendResponse()"
"com.control4.app.ia.executor.SipExecutorService.asyncSendResponse()","com.control4.app.ia.executor.SipExecutorService$2.<init>()"
"com.control4.app.ia.executor.SipExecutorService.asyncSendResponse()","com.control4.ras.cm.executor.JobExecutor.execAsync()"
"com.control4.ras.cm.message.processor.handlers.InviteIAHandler.doInvite()","com.control4.app.ia.handler.SipInviteHandler.sendCall()"
"com.control4.app.ia.handler.SipInviteHandler.sendCall()","com.control4.app.ia.data.User.<init>()"
"com.control4.app.ia.handler.SipInviteHandler.sendCall()","com.control4.app.ia.data.ForwardedCall.<init>()"
"com.control4.app.ia.handler.SipInviteHandler.sendCall()","com.control4.app.ia.data.ForwardedCall.setFromInvite()"
"com.control4.app.ia.handler.SipInviteHandler.sendCall()","com.control4.app.ia.data.ForwardedCall.setFromAddressPort()"
"com.control4.app.ia.handler.SipInviteHandler.sendCall()","com.control4.app.ia.data.CallData.addUserData()"
"com.control4.app.ia.handler.SipInviteHandler.sendCall()","com.control4.app.ia.data.CallData.addForwardedCall()"
"com.control4.app.ia.handler.SipInviteHandler.sendCall()","com.control4.app.ia.data.ForwardedCall.setCall()"
"com.control4.app.ia.handler.SipInviteHandler.sendCall()","com.control4.app.ia.data.ForwardedCall.setToInvite()"
"com.control4.app.ia.handler.SipInviteHandler.sendCall()","com.control4.app.ia.data.CallData.isEarlyMedia()"
"com.control4.app.ia.handler.SipInviteHandler.sendCall()","com.control4.app.ia.handler.SipInviteHandler$OfferContext.<init>()"
"com.control4.app.ia.handler.SipInviteHandler.sendCall()","com.control4.media.proxy.MediaProxyConnector.asyncOffer()"
"com.control4.app.ia.handler.SipCancelHandler.doCancel()","com.control4.app.ia.handler.CallCleanupHandler.cleanupCallMedia()"
"com.control4.app.ia.handler.CallCleanupHandler.cleanupCallMedia()","com.control4.app.ia.data.CallData.isEarlyMedia()"
"com.control4.app.ia.handler.CallCleanupHandler.cleanupCallMedia()","com.control4.app.ia.handler.CallCleanupHandler.asyncDeleteMedia()"
"com.control4.app.ia.handler.CallCleanupHandler.asyncDeleteMedia()","com.control4.media.proxy.MediaProxyConnector.asyncDelete()"
"com.control4.app.ia.handler.CallCleanupHandler.cleanupCallMedia()","com.control4.app.ia.data.CallData.isAnswered()"
"com.control4.app.ia.handler.SipCancelHandler.doCancel()","com.control4.app.ia.handler.CallCleanupHandler.cleanupCall()"
"com.control4.app.ia.handler.CallCleanupHandler.cleanupCall()","com.control4.app.ia.data.CallDataAccess.removeCall()"
"com.control4.app.ia.handler.CallCleanupHandler.cleanupCall()","com.control4.app.ia.data.CallDataAccess.removeForwardedCall()"
"com.control4.app.ia.handler.SipCancelHandler.doCancel()","com.control4.app.ia.data.ForwardedCall.isFailed()"
"com.control4.app.ia.handler.SipCancelHandler.doCancel()","com.control4.app.ia.executor.SipExecutorService.asyncSendRequest()"
"com.control4.app.ia.executor.SipExecutorService.asyncSendRequest()","com.control4.app.ia.executor.SipExecutorService$1.<init>()"
"com.control4.app.ia.executor.SipExecutorService.asyncSendRequest()","com.control4.ras.cm.executor.JobExecutor.execAsync()"
"com.control4.ras.cm.message.processor.InviteMessageProcessor.terminateUacSideSession()","net.sf.ehcache.Cache.remove()"
"com.control4.app.ia.handler.SipByeHandler.doBye()","com.control4.app.ia.executor.SipExecutorService.asyncSendResponse()"
"com.control4.app.ia.executor.SipExecutorService.asyncSendResponse()","com.control4.app.ia.executor.SipExecutorService$2.<init>()"
"com.control4.app.ia.executor.SipExecutorService.asyncSendResponse()","com.control4.ras.cm.executor.JobExecutor.execAsync()"
"com.control4.app.ia.handler.SipByeHandler.doBye()","com.control4.app.ia.data.ForwardedCall.isAnswerForwarded()"
"com.control4.app.ia.handler.SipByeHandler.doBye()","com.control4.app.ia.data.ForwardedCall.setByePending()"
"com.control4.app.ia.handler.SipByeHandler.doBye()","com.control4.app.ia.handler.CallCleanupHandler.cleanupCallMedia()"
"com.control4.app.ia.handler.CallCleanupHandler.cleanupCallMedia()","com.control4.app.ia.data.CallData.isEarlyMedia()"
"com.control4.app.ia.handler.CallCleanupHandler.cleanupCallMedia()","com.control4.app.ia.handler.CallCleanupHandler.asyncDeleteMedia()"
"com.control4.app.ia.handler.CallCleanupHandler.asyncDeleteMedia()","com.control4.media.proxy.MediaProxyConnector.asyncDelete()"
"com.control4.app.ia.handler.CallCleanupHandler.cleanupCallMedia()","com.control4.app.ia.data.CallData.isAnswered()"
"com.control4.app.ia.handler.SipByeHandler.doBye()","com.control4.app.ia.handler.CallCleanupHandler.cleanupCall()"
"com.control4.app.ia.handler.CallCleanupHandler.cleanupCall()","com.control4.app.ia.data.CallDataAccess.removeCall()"
"com.control4.app.ia.handler.CallCleanupHandler.cleanupCall()","com.control4.app.ia.data.CallDataAccess.removeForwardedCall()"
"com.control4.app.ia.handler.SipByeHandler.doBye()","com.control4.app.ia.handler.SipByeHandler.isLoadBalancer()"
"com.control4.app.ia.handler.SipByeHandler.doBye()","com.control4.app.ia.handler.SipByeHandler.GetLBInitialAddr()"
"com.control4.app.ia.handler.SipByeHandler.doBye()","com.control4.app.ia.handler.SipByeHandler.GetLBInitialPort()"
"com.control4.app.ia.handler.SipByeHandler.doBye()","com.control4.app.ia.executor.SipExecutorService.asyncSendRequest()"
"com.control4.app.ia.executor.SipExecutorService.asyncSendRequest()","com.control4.app.ia.executor.SipExecutorService$1.<init>()"
"com.control4.app.ia.executor.SipExecutorService.asyncSendRequest()","com.control4.ras.cm.executor.JobExecutor.execAsync()"
"com.control4.app.ia.handler.SipErrorHandler.doErrorResponse()","com.control4.app.ia.data.ForwardedCall.setFailed()"
"com.control4.app.ia.handler.SipErrorHandler.doErrorResponse()","com.control4.app.ia.data.ForwardedCall.equals()"
"com.control4.app.ia.handler.SipErrorHandler.doErrorResponse()","com.control4.app.ia.data.ForwardedCall.isFailed()"
"com.control4.app.ia.handler.SipErrorHandler.doErrorResponse()","com.control4.app.ia.executor.SipExecutorService.asyncSendRequest()"
"com.control4.app.ia.executor.SipExecutorService.asyncSendRequest()","com.control4.app.ia.executor.SipExecutorService$1.<init>()"
"com.control4.app.ia.executor.SipExecutorService.asyncSendRequest()","com.control4.ras.cm.executor.JobExecutor.execAsync()"
"com.control4.app.ia.handler.SipErrorHandler.doErrorResponse()","com.control4.app.ia.handler.CallCleanupHandler.cleanupCallMedia()"
"com.control4.app.ia.handler.CallCleanupHandler.cleanupCallMedia()","com.control4.app.ia.data.CallData.isEarlyMedia()"
"com.control4.app.ia.handler.CallCleanupHandler.cleanupCallMedia()","com.control4.app.ia.handler.CallCleanupHandler.asyncDeleteMedia()"
"com.control4.app.ia.handler.CallCleanupHandler.asyncDeleteMedia()","com.control4.media.proxy.MediaProxyConnector.asyncDelete()"
"com.control4.app.ia.handler.CallCleanupHandler.cleanupCallMedia()","com.control4.app.ia.data.CallData.isAnswered()"
"com.control4.app.ia.handler.SipErrorHandler.doErrorResponse()","com.control4.app.ia.handler.CallCleanupHandler.cleanupCall()"
"com.control4.app.ia.handler.CallCleanupHandler.cleanupCall()","com.control4.app.ia.data.CallDataAccess.removeCall()"
"com.control4.app.ia.handler.CallCleanupHandler.cleanupCall()","com.control4.app.ia.data.CallDataAccess.removeForwardedCall()"
"com.control4.app.ia.handler.SipErrorHandler.doErrorResponse()","com.control4.app.ia.executor.SipExecutorService.asyncSendResponse()"
"com.control4.app.ia.executor.SipExecutorService.asyncSendResponse()","com.control4.app.ia.executor.SipExecutorService$2.<init>()"
"com.control4.app.ia.executor.SipExecutorService.asyncSendResponse()","com.control4.ras.cm.executor.JobExecutor.execAsync()"
"com.control4.ras.cm.message.processor.SIPBaseMessageProcessor.processResponse()","com.control4.ras.cm.CMContext.isOauthValidationDone()"
"com.control4.ras.cm.message.processor.SIPBaseMessageProcessor.processResponse()","com.control4.ras.cm.message.processor.SIPBaseMessageProcessor.validateOauth()"
"com.control4.ras.cm.message.processor.SIPBaseMessageProcessor.validateOauth()","com.control4.ras.cm.CMContext.skipSignatureValidation()"
"com.control4.ras.cm.message.processor.SIPBaseMessageProcessor.validateOauth()","com.control4.common.oauth.C4OAuthFilter.validate()"
"com.control4.ras.cm.message.processor.SIPBaseMessageProcessor.validateOauth()","com.control4.ras.cm.CMContext.setOauthResponse()"
"com.control4.ras.cm.message.processor.SIPBaseMessageProcessor.validateOauth()","com.control4.ras.cm.CMContext.setOauthValidationDone()"
"com.control4.ras.cm.message.processor.SIPBaseMessageProcessor.validateOauth()","com.control4.common.oauth.C4OAuthFilter$ValidResponse.isValid()"
"com.control4.ras.cm.message.processor.SIPBaseMessageProcessor.validateOauth()","com.control4.common.oauth.C4OAuthFilter.generateErrorResponse()"
"com.control4.ras.cm.message.processor.SIPBaseMessageProcessor.validateOauth()","com.control4.ras.cm.CMContext.setoAuthContextAttributes()"
"com.control4.ras.cm.message.processor.SIPBaseMessageProcessor.validateOauth()","com.control4.ras.cm.message.processor.InviteMessageProcessor.validateOauth()"
"com.control4.ras.cm.message.processor.SIPBaseMessageProcessor.processResponse()","com.control4.ras.cm.CMContext.skipSignatureValidation()"
"com.control4.ras.cm.message.processor.SIPBaseMessageProcessor.processResponse()","com.control4.common.oauth.C4OAuthFilter$ValidResponse.isValid()"
"com.control4.ras.cm.message.processor.SIPBaseMessageProcessor.processResponse()","com.control4.ras.cm.message.processor.SIPBaseMessageProcessor.processInternalResponse()"
"com.control4.ras.cm.message.processor.SIPBaseMessageProcessor.processInternalResponse()","com.control4.ras.cm.message.processor.InviteMessageProcessor.processInternalResponse()"
"com.control4.ras.cm.message.processor.InviteMessageProcessor.processInternalResponse()","com.control4.ras.cm.message.processor.InviteMessageProcessor.processInviteAnswer()"
"com.control4.ras.cm.message.processor.InviteMessageProcessor.processInviteAnswer()","com.control4.ras.cm.sipmessage.body.SDPParser.<init>()"
"com.control4.ras.cm.message.processor.InviteMessageProcessor.processInviteAnswer()","com.control4.ras.cm.message.processor.InviteMessageProcessor.processResult()"
"com.control4.ras.cm.message.processor.InviteMessageProcessor.processInviteAnswer()","com.control4.ras.cm.message.processor.InviteMessageProcessor$1.<init>()"
"com.control4.ras.cm.message.processor.ISIPMessageProcessor.validateOauth()","com.control4.ras.cm.message.processor.SIPBaseMessageProcessor.validateOauth()"
"com.control4.ras.cm.message.processor.SIPBaseMessageProcessor.validateOauth()","com.control4.ras.cm.CMContext.skipSignatureValidation()"
"com.control4.ras.cm.message.processor.SIPBaseMessageProcessor.validateOauth()","com.control4.common.oauth.C4OAuthFilter.validate()"
"com.control4.ras.cm.message.processor.SIPBaseMessageProcessor.validateOauth()","com.control4.ras.cm.CMContext.setOauthResponse()"
"com.control4.ras.cm.message.processor.SIPBaseMessageProcessor.validateOauth()","com.control4.ras.cm.CMContext.setOauthValidationDone()"
"com.control4.ras.cm.message.processor.SIPBaseMessageProcessor.validateOauth()","com.control4.common.oauth.C4OAuthFilter$ValidResponse.isValid()"
"com.control4.ras.cm.message.processor.SIPBaseMessageProcessor.validateOauth()","com.control4.common.oauth.C4OAuthFilter.generateErrorResponse()"
"com.control4.ras.cm.message.processor.SIPBaseMessageProcessor.validateOauth()","com.control4.ras.cm.CMContext.setoAuthContextAttributes()"
"com.control4.ras.cm.message.processor.SIPBaseMessageProcessor.validateOauth()","com.control4.ras.cm.message.processor.InviteMessageProcessor.validateOauth()"
"com.control4.ras.cm.message.processor.RegMessageProcessor.<init>()","com.control4.ras.cm.message.processor.SIPBaseMessageProcessor.<init>()"
"com.control4.ras.cm.message.processor.SIPBaseMessageProcessor.<init>()","com.control4.ras.cm.sipmessage.body.CommandParser.<init>()"
"com.control4.ras.cm.message.processor.SIPBaseMessageProcessor.<init>()","com.control4.common.oauth.C4OAuthFilter.<init>()"
"com.control4.ras.cm.message.processor.SIPBaseMessageProcessor.<init>()","com.control4.ras.cm.message.processor.handlers.InviteIAHandler.<init>()"
"com.control4.ras.cm.message.processor.handlers.InviteIAHandler.<init>()","com.control4.ras.cm.message.processor.handlers.InviteBaseHandler.<init>()"
"com.control4.ras.cm.message.processor.handlers.InviteBaseHandler.<init>()","com.control4.app.ia.data.CallData.<init>()"
"com.control4.ras.cm.message.processor.handlers.InviteBaseHandler.<init>()","com.control4.ras.cm.executor.PushExecutor.<init>()"
"com.control4.ras.cm.message.processor.SIPBaseMessageProcessor.<init>()","com.control4.ras.cm.message.processor.handlers.InviteRASHandler.<init>()"
"com.control4.ras.cm.message.processor.handlers.InviteRASHandler.<init>()","com.control4.ras.cm.message.processor.handlers.InviteBaseHandler.<init>()"
"com.control4.ras.cm.message.processor.SIPBaseMessageProcessor.<init>()","com.control4.ras.cm.sipmessage.body.SDPParser.<init>()"
"com.control4.ras.cm.message.processor.SIPBaseMessageProcessor.<init>()","com.control4.ras.cm.message.processor.InviteMessageProcessor$1.<init>()"
"com.control4.ras.cm.message.processor.OptionsMessageProcessor.<init>()","com.control4.ras.cm.message.processor.SIPBaseMessageProcessor.<init>()"
"com.control4.ras.cm.message.processor.InviteMessageProcessor.<init>()","com.control4.ras.cm.message.processor.SIPBaseMessageProcessor.<init>()"
"com.control4.ras.cm.message.processor.ByeMessageProcessor.<init>()","com.control4.ras.cm.message.processor.SIPBaseMessageProcessor.<init>()"
"com.control4.ras.cm.message.processor.CancelMessageProcessor.<init>()","com.control4.ras.cm.message.processor.SIPBaseMessageProcessor.<init>()"
"com.control4.ras.cm.message.processor.InfoMessageProcessor.<init>()","com.control4.ras.cm.message.processor.SIPBaseMessageProcessor.<init>()"
"com.control4.ras.cm.message.processor.InviteRingingMessageProcessor.<init>()","com.control4.ras.cm.message.processor.SIPBaseMessageProcessor.<init>()"
"com.control4.ras.cm.ConnectionManagerSIPServlet.processInviteAnswer()","com.control4.ras.cm.message.processor.ISIPMessageProcessor.processResponse()"
"com.control4.ras.cm.httpproxy.services.HTTPProxyRestServiceImpl.access$000()","com.control4.ras.cm.httpproxy.services.HTTPProxyRestServiceImpl.createInviteRequest()"
"com.control4.ras.cm.httpproxy.services.HTTPProxyRestServiceImpl.createInviteRequest()","com.control4.ras.cm.httpproxy.services.ClientTransaction.start()"
"com.control4.ras.cm.httpproxy.services.ClientTransaction.start()","net.sf.ehcache.Element.<init>()"
"com.control4.ras.cm.httpproxy.services.ClientTransaction.start()","net.sf.ehcache.Cache.put()"
"com.control4.ras.cm.httpproxy.services.HTTPProxyRestServiceImpl.createInviteRequest()","com.control4.ras.cm.httpproxy.services.HTTPProxyRestServiceImpl.addHeadersAndSDPContents()"
"com.control4.ras.cm.httpproxy.services.SOAPWebClient.generateControllerSessionTicket()","com.control4.services.authentication.ws.AuthenticationSoapService.generateSessionTicket()"
"com.control4.ras.cm.sipmessage.body.SDPBuilder.buildSDP()","com.control4.ras.cm.sipmessage.body.SDPBuilder.createOrigin()"
"com.control4.ras.cm.sipmessage.body.SDPBuilder.buildSDP()","com.control4.ras.cm.sipmessage.body.SDPBuilder.createSessionName()"
"com.control4.ras.cm.httpproxy.services.HTTPProxyRestServiceImpl.addHeadersAndSDPContents()","com.control4.ras.cm.httpproxy.services.HTTPProxyRestServiceImpl.addRAProxyMessage()"
"com.control4.ras.cm.message.processor.RegMessageProcessor.<init>()","com.control4.ras.cm.message.processor.SIPBaseMessageProcessor.<init>()"
"com.control4.ras.cm.message.processor.SIPBaseMessageProcessor.<init>()","com.control4.ras.cm.sipmessage.body.CommandParser.<init>()"
"com.control4.ras.cm.message.processor.SIPBaseMessageProcessor.<init>()","com.control4.common.oauth.C4OAuthFilter.<init>()"
"com.control4.ras.cm.message.processor.SIPBaseMessageProcessor.<init>()","com.control4.ras.cm.message.processor.handlers.InviteIAHandler.<init>()"
"com.control4.ras.cm.message.processor.handlers.InviteIAHandler.<init>()","com.control4.ras.cm.message.processor.handlers.InviteBaseHandler.<init>()"
"com.control4.ras.cm.message.processor.handlers.InviteBaseHandler.<init>()","com.control4.app.ia.data.CallData.<init>()"
"com.control4.ras.cm.message.processor.handlers.InviteBaseHandler.<init>()","com.control4.ras.cm.executor.PushExecutor.<init>()"
"com.control4.ras.cm.message.processor.SIPBaseMessageProcessor.<init>()","com.control4.ras.cm.message.processor.handlers.InviteRASHandler.<init>()"
"com.control4.ras.cm.message.processor.handlers.InviteRASHandler.<init>()","com.control4.ras.cm.message.processor.handlers.InviteBaseHandler.<init>()"
"com.control4.ras.cm.message.processor.SIPBaseMessageProcessor.<init>()","com.control4.ras.cm.sipmessage.body.SDPParser.<init>()"
"com.control4.ras.cm.message.processor.SIPBaseMessageProcessor.<init>()","com.control4.ras.cm.message.processor.InviteMessageProcessor$1.<init>()"
"com.control4.ras.cm.message.processor.OptionsMessageProcessor.<init>()","com.control4.ras.cm.message.processor.SIPBaseMessageProcessor.<init>()"
"com.control4.ras.cm.message.processor.InviteMessageProcessor.<init>()","com.control4.ras.cm.message.processor.SIPBaseMessageProcessor.<init>()"
"com.control4.ras.cm.message.processor.ByeMessageProcessor.<init>()","com.control4.ras.cm.message.processor.SIPBaseMessageProcessor.<init>()"
"com.control4.ras.cm.message.processor.CancelMessageProcessor.<init>()","com.control4.ras.cm.message.processor.SIPBaseMessageProcessor.<init>()"
"com.control4.ras.cm.message.processor.InfoMessageProcessor.<init>()","com.control4.ras.cm.message.processor.SIPBaseMessageProcessor.<init>()"
"com.control4.ras.cm.message.processor.InviteRingingMessageProcessor.<init>()","com.control4.ras.cm.message.processor.SIPBaseMessageProcessor.<init>()"
"com.control4.ras.cm.ConnectionManagerSIPServlet.processCancelResponse()","com.control4.ras.cm.message.processor.ISIPMessageProcessor.processResponse()"
"com.control4.ras.cm.message.processor.RegMessageProcessor.<init>()","com.control4.ras.cm.message.processor.SIPBaseMessageProcessor.<init>()"
"com.control4.ras.cm.message.processor.SIPBaseMessageProcessor.<init>()","com.control4.ras.cm.sipmessage.body.CommandParser.<init>()"
"com.control4.ras.cm.message.processor.SIPBaseMessageProcessor.<init>()","com.control4.common.oauth.C4OAuthFilter.<init>()"
"com.control4.ras.cm.message.processor.SIPBaseMessageProcessor.<init>()","com.control4.ras.cm.message.processor.handlers.InviteIAHandler.<init>()"
"com.control4.ras.cm.message.processor.handlers.InviteIAHandler.<init>()","com.control4.ras.cm.message.processor.handlers.InviteBaseHandler.<init>()"
"com.control4.ras.cm.message.processor.handlers.InviteBaseHandler.<init>()","com.control4.app.ia.data.CallData.<init>()"
"com.control4.ras.cm.message.processor.handlers.InviteBaseHandler.<init>()","com.control4.ras.cm.executor.PushExecutor.<init>()"
"com.control4.ras.cm.message.processor.SIPBaseMessageProcessor.<init>()","com.control4.ras.cm.message.processor.handlers.InviteRASHandler.<init>()"
"com.control4.ras.cm.message.processor.handlers.InviteRASHandler.<init>()","com.control4.ras.cm.message.processor.handlers.InviteBaseHandler.<init>()"
"com.control4.ras.cm.message.processor.SIPBaseMessageProcessor.<init>()","com.control4.ras.cm.sipmessage.body.SDPParser.<init>()"
"com.control4.ras.cm.message.processor.SIPBaseMessageProcessor.<init>()","com.control4.ras.cm.message.processor.InviteMessageProcessor$1.<init>()"
"com.control4.ras.cm.message.processor.OptionsMessageProcessor.<init>()","com.control4.ras.cm.message.processor.SIPBaseMessageProcessor.<init>()"
"com.control4.ras.cm.message.processor.InviteMessageProcessor.<init>()","com.control4.ras.cm.message.processor.SIPBaseMessageProcessor.<init>()"
"com.control4.ras.cm.message.processor.ByeMessageProcessor.<init>()","com.control4.ras.cm.message.processor.SIPBaseMessageProcessor.<init>()"
"com.control4.ras.cm.message.processor.CancelMessageProcessor.<init>()","com.control4.ras.cm.message.processor.SIPBaseMessageProcessor.<init>()"
"com.control4.ras.cm.message.processor.InfoMessageProcessor.<init>()","com.control4.ras.cm.message.processor.SIPBaseMessageProcessor.<init>()"
"com.control4.ras.cm.message.processor.InviteRingingMessageProcessor.<init>()","com.control4.ras.cm.message.processor.SIPBaseMessageProcessor.<init>()"
"com.control4.ras.cm.ConnectionManagerSIPServlet.processByeResponse()","com.control4.ras.cm.message.processor.ISIPMessageProcessor.processResponse()"
"com.control4.ras.cm.httpproxy.services.TestCallRestServiceImpl.access$000()","com.control4.ras.cm.httpproxy.services.TestCallRestServiceImpl.createInviteRequest()"
"com.control4.ras.cm.httpproxy.services.TestCallRestServiceImpl.createInviteRequest()","com.control4.ras.cm.httpproxy.services.ClientTransaction.start()"
"com.control4.ras.cm.httpproxy.services.ClientTransaction.start()","net.sf.ehcache.Element.<init>()"
"com.control4.ras.cm.httpproxy.services.ClientTransaction.start()","net.sf.ehcache.Cache.put()"
"com.control4.ras.cm.httpproxy.services.TestCallRestServiceImpl.createInviteRequest()","com.control4.ras.cm.httpproxy.services.TestCallRestServiceImpl.addHeadersAndSDPContents()"
"com.control4.ras.cm.httpproxy.services.SOAPWebClient.generateControllerSessionTicket()","com.control4.services.authentication.ws.AuthenticationSoapService.generateSessionTicket()"
"com.control4.ras.cm.sipmessage.body.SDPBuilder.buildSDP()","com.control4.ras.cm.sipmessage.body.SDPBuilder.createOrigin()"
"com.control4.ras.cm.sipmessage.body.SDPBuilder.buildSDP()","com.control4.ras.cm.sipmessage.body.SDPBuilder.createSessionName()"
"com.control4.ras.cm.message.processor.SIPBaseMessageProcessor.processInternalRequest()","com.control4.ras.cm.message.processor.InviteMessageProcessor.processInternalRequest()"
"com.control4.ras.cm.message.processor.InviteMessageProcessor.processInternalRequest()","com.control4.ras.cm.message.processor.handlers.InviteIAHandler.<init>()"
"com.control4.ras.cm.message.processor.handlers.InviteIAHandler.<init>()","com.control4.ras.cm.message.processor.handlers.InviteBaseHandler.<init>()"
"com.control4.ras.cm.message.processor.handlers.InviteBaseHandler.<init>()","com.control4.app.ia.data.CallData.<init>()"
"com.control4.ras.cm.message.processor.handlers.InviteBaseHandler.<init>()","com.control4.ras.cm.executor.PushExecutor.<init>()"
"com.control4.ras.cm.message.processor.InviteMessageProcessor.processInternalRequest()","com.control4.ras.cm.message.processor.handlers.InviteIAHandler.handle()"
"com.control4.ras.cm.message.processor.handlers.InviteIAHandler.handle()","com.control4.ras.cm.message.processor.handlers.InviteIAHandler.sendSIPResponse()"
"com.control4.ras.cm.message.processor.handlers.InviteIAHandler.handle()","com.control4.ras.cm.message.processor.handlers.InviteIAHandler.toDeviceUUIDs()"
"com.control4.ras.cm.message.processor.handlers.InviteIAHandler.handle()","com.control4.account.ws.model.services.AccountSoapService.authorizeAccessToAccount()"
"com.control4.ras.cm.message.processor.handlers.InviteIAHandler.handle()","com.control4.ras.cm.managedobject.Register.isValid()"
"com.control4.ras.cm.managedobject.Register.isValid()","com.control4.ras.cm.managedobject.Register.isRegistrationStatus()"
"com.control4.ras.cm.message.processor.handlers.InviteIAHandler.handle()","com.control4.ras.cm.message.processor.handlers.InviteIAHandler.alwaysPush()"
"com.control4.ras.cm.message.processor.handlers.InviteIAHandler.handle()","com.control4.app.ia.handler.SipInviteHandler.isJoin()"
"com.control4.ras.cm.message.processor.handlers.InviteIAHandler.handle()","com.control4.app.ia.data.CallData.<init>()"
"com.control4.ras.cm.message.processor.handlers.InviteIAHandler.handle()","com.control4.app.ia.data.CallData.setFromAddressPort()"
"com.control4.ras.cm.message.processor.handlers.InviteIAHandler.handle()","com.control4.app.ia.data.CallDataAccess.addCall()"
"com.control4.ras.cm.message.processor.handlers.InviteIAHandler.handle()","com.control4.app.ia.handler.SipInviteHandler.sendCall()"
"com.control4.app.ia.handler.SipInviteHandler.sendCall()","com.control4.app.ia.data.User.<init>()"
"com.control4.app.ia.handler.SipInviteHandler.sendCall()","com.control4.app.ia.data.ForwardedCall.<init>()"
"com.control4.app.ia.handler.SipInviteHandler.sendCall()","com.control4.app.ia.data.ForwardedCall.setFromInvite()"
"com.control4.app.ia.handler.SipInviteHandler.sendCall()","com.control4.app.ia.data.ForwardedCall.setFromAddressPort()"
"com.control4.app.ia.handler.SipInviteHandler.sendCall()","com.control4.app.ia.data.CallData.addUserData()"
"com.control4.app.ia.handler.SipInviteHandler.sendCall()","com.control4.app.ia.data.CallData.addForwardedCall()"
"com.control4.app.ia.handler.SipInviteHandler.sendCall()","com.control4.app.ia.data.ForwardedCall.setCall()"
"com.control4.app.ia.handler.SipInviteHandler.sendCall()","com.control4.app.ia.data.ForwardedCall.setToInvite()"
"com.control4.app.ia.handler.SipInviteHandler.sendCall()","com.control4.app.ia.data.CallData.isEarlyMedia()"
"com.control4.app.ia.handler.SipInviteHandler.sendCall()","com.control4.app.ia.handler.SipInviteHandler$OfferContext.<init>()"
"com.control4.app.ia.handler.SipInviteHandler.sendCall()","com.control4.media.proxy.MediaProxyConnector.asyncOffer()"
"com.control4.ras.cm.message.processor.handlers.InviteIAHandler.handle()","com.control4.ras.cm.message.processor.handlers.InviteIAHandler.doPush()"
"com.control4.ras.cm.message.processor.handlers.InviteIAHandler.doPush()","com.control4.ras.cm.executor.PushExecutor.<init>()"
"com.control4.ras.cm.message.processor.handlers.InviteIAHandler.doPush()","com.control4.ras.cm.executor.JobExecutor.execAsync()"
"com.control4.ras.cm.message.processor.InviteMessageProcessor.processInternalRequest()","com.control4.ras.cm.message.processor.handlers.InviteRASHandler.<init>()"
"com.control4.ras.cm.message.processor.handlers.InviteRASHandler.<init>()","com.control4.ras.cm.message.processor.handlers.InviteBaseHandler.<init>()"
"com.control4.ras.cm.message.processor.InviteMessageProcessor.processInternalRequest()","com.control4.ras.cm.message.processor.handlers.InviteRASHandler.handle()"
"com.control4.ras.cm.message.processor.handlers.InviteRASHandler.handle()","com.control4.ras.cm.message.processor.handlers.InviteRASHandler.sendErrorSIPResponse()"
"com.control4.ras.cm.message.processor.handlers.InviteRASHandler.handle()","com.control4.ras.cm.message.processor.handlers.InviteRASHandler.proxyTo()"
"com.control4.ras.cm.message.processor.handlers.InviteRASHandler.handle()","com.control4.ras.cm.message.processor.handlers.InviteRASHandler.persistCallHistoryData()"
"com.control4.ras.cm.message.processor.SIPBaseMessageProcessor.processInternalRequest()","com.control4.ras.cm.message.processor.OptionsMessageProcessor.processInternalRequest()"
"com.control4.ras.cm.message.processor.SIPBaseMessageProcessor.processInternalRequest()","com.control4.ras.cm.message.processor.InviteRingingMessageProcessor.processInternalRequest()"
